{
    "health": {
        "x": 11.73,
        "y": 10.03,
        "width": 13.45,
        "height": 5.26,
        "x_raw": 301,
        "y_raw": 145,
        "width_raw": 345,
        "height_raw": 76
    },
    "minimap": {
        "x": 84.1,
        "y": 7.75,
        "width": 10.29,
        "height": 16.19,
        "x_raw": 2158,
        "y_raw": 112,
        "width_raw": 264,
        "height_raw": 234
    },
    "resources": {
        "x": 4.87,
        "y": 19.380000000000003,
        "width": 4.79,
        "height": 11.42,
        "x_raw": 125,
        "y_raw": 280,
        "width_raw": 123,
        "height_raw": 165
    },
    "game_area": {
        "x": 0.39000000000000057,
        "y": 2.3500000000000085,
        "width": 99.14,
        "height": 96.82,
        "x_raw": 10,
        "y_raw": 34,
        "width_raw": 2544,
        "height_raw": 1399
    },
    "game_window": {
        "left": -5,
        "top": 2,
        "right": 2561,
        "bottom": 1447,
        "width": 2566,
        "height": 1445
    }
}